Date,Open,High,Low,Close,Volume
22-Nov-16,24.31,24.41,24.03,24.29,2368376
21-Nov-16,24.53,24.56,23.99,24.17,1963774
18-Nov-16,23.89,24.57,23.88,24.44,1713582
17-Nov-16,23.77,23.93,23.43,23.80,1710997
16-Nov-16,23.55,24.02,23.53,23.80,1890591
15-Nov-16,23.08,23.84,22.88,23.67,3043282
14-Nov-16,22.91,23.40,22.85,23.13,1822579
11-Nov-16,23.01,23.25,22.63,22.63,2239968
10-Nov-16,23.87,24.24,22.96,22.97,2379841
9-Nov-16,22.48,23.76,22.27,23.62,3664201
8-Nov-16,23.65,23.78,22.84,22.99,1960777
7-Nov-16,23.48,24.21,23.48,23.79,2640580
4-Nov-16,22.00,23.61,21.43,23.15,4695883
3-Nov-16,22.25,22.57,22.11,22.39,2250511
2-Nov-16,22.40,22.55,22.16,22.20,2067567
1-Nov-16,22.88,22.98,22.33,22.46,1707949
31-Oct-16,23.05,23.19,22.88,22.89,1636080
28-Oct-16,23.26,23.36,22.95,22.97,1338992
27-Oct-16,23.75,23.75,23.25,23.30,932309
26-Oct-16,24.12,24.20,23.55,23.69,1633543
25-Oct-16,24.61,24.72,24.07,24.17,765384
24-Oct-16,24.52,24.91,24.51,24.71,975019
21-Oct-16,24.38,24.46,23.97,24.36,1411618
20-Oct-16,24.71,24.84,24.40,24.46,1099808
19-Oct-16,24.40,25.14,24.32,24.80,1457056
18-Oct-16,24.59,24.59,24.18,24.37,1625671
17-Oct-16,24.55,24.66,24.24,24.28,2164759
14-Oct-16,24.87,24.94,24.30,24.49,2261128
13-Oct-16,25.12,25.19,24.68,24.77,1380636
12-Oct-16,25.39,25.41,25.14,25.23,931362
11-Oct-16,25.91,26.20,25.20,25.36,1691343
10-Oct-16,25.95,26.10,25.73,26.01,1346023
7-Oct-16,26.19,26.19,25.54,25.72,1927137
6-Oct-16,26.09,26.50,25.87,26.21,1145132
5-Oct-16,26.77,26.82,26.39,26.51,1009920
4-Oct-16,26.22,26.94,26.22,26.63,1286410
3-Oct-16,25.86,26.23,25.61,26.22,1116469
30-Sep-16,25.81,26.14,25.53,25.86,2216569
29-Sep-16,25.82,25.98,25.47,25.67,1237807
28-Sep-16,25.78,26.02,25.57,25.79,901831
27-Sep-16,25.64,25.81,25.51,25.75,905320
26-Sep-16,25.72,25.95,25.55,25.70,1345480
23-Sep-16,25.75,26.08,25.69,25.69,732550
22-Sep-16,26.05,26.22,25.70,25.84,1301996
21-Sep-16,25.87,26.06,25.43,25.89,721176
20-Sep-16,25.98,26.01,25.52,25.73,1076082
19-Sep-16,25.87,26.42,25.78,25.95,1027014
16-Sep-16,25.49,25.76,25.40,25.64,1642723
15-Sep-16,25.59,26.12,25.49,25.75,913810
14-Sep-16,25.58,26.32,25.43,25.75,1836740
13-Sep-16,26.11,26.33,25.39,25.70,1365636
12-Sep-16,25.87,26.56,25.83,26.39,1606751
9-Sep-16,26.27,26.47,25.89,26.05,1409669
8-Sep-16,26.54,26.91,26.37,26.66,1563144
7-Sep-16,26.79,27.05,26.44,26.60,1507357
6-Sep-16,26.60,27.08,26.39,26.87,1333001
2-Sep-16,26.62,26.92,26.47,26.60,1207381
1-Sep-16,26.84,27.03,26.26,26.47,1303901
31-Aug-16,27.36,27.58,26.69,26.84,1778223
30-Aug-16,27.23,27.71,27.23,27.38,1040261
29-Aug-16,27.11,27.56,27.08,27.33,1163769
26-Aug-16,27.27,27.60,26.75,26.96,1307544
25-Aug-16,27.32,27.62,27.11,27.17,1565706
24-Aug-16,27.39,27.68,27.31,27.42,1334562
23-Aug-16,26.81,27.58,26.81,27.51,1774168
22-Aug-16,26.50,26.72,26.41,26.65,1230472
19-Aug-16,26.84,26.91,26.47,26.69,1197171
18-Aug-16,27.03,27.25,26.95,27.00,898624
17-Aug-16,27.22,27.28,26.55,27.03,1530723
16-Aug-16,27.61,27.61,27.26,27.28,965547
15-Aug-16,27.57,27.94,27.51,27.69,1163646
12-Aug-16,27.11,27.58,26.99,27.51,1567445
11-Aug-16,26.95,27.24,26.80,27.18,1111636
10-Aug-16,27.16,27.16,26.68,26.87,1643875
9-Aug-16,27.02,27.36,26.91,27.05,1910171
8-Aug-16,27.15,27.57,26.91,27.02,2045559
5-Aug-16,26.29,27.28,25.52,27.09,4332822
4-Aug-16,28.11,28.13,25.91,26.14,9882164
3-Aug-16,29.47,30.61,29.34,30.60,2442194
2-Aug-16,30.90,30.97,29.40,29.50,1560544
1-Aug-16,31.06,31.38,30.80,30.89,1492530
29-Jul-16,30.33,31.06,30.04,30.99,1486099
28-Jul-16,30.60,30.74,30.33,30.35,1073691
27-Jul-16,31.23,31.30,30.60,30.62,920345
26-Jul-16,31.00,31.37,30.96,31.21,1775196
25-Jul-16,30.99,31.48,30.73,31.24,1406711
22-Jul-16,30.77,31.04,30.50,30.76,1209525
21-Jul-16,30.20,30.98,30.16,30.66,1820358
20-Jul-16,29.24,30.21,29.09,30.15,1714351
19-Jul-16,29.47,29.54,29.08,29.24,1266791
18-Jul-16,29.67,29.69,29.12,29.49,1694795
15-Jul-16,29.87,29.96,29.09,29.57,1485480
14-Jul-16,29.61,30.08,29.49,29.76,1967708
13-Jul-16,29.87,29.96,29.23,29.26,1795123
12-Jul-16,29.34,29.94,29.33,29.71,1836110
11-Jul-16,29.35,29.44,28.49,28.64,1875577
8-Jul-16,28.56,29.37,28.42,29.24,1398194
7-Jul-16,28.40,28.61,28.19,28.31,1210220
6-Jul-16,27.95,28.41,27.61,28.32,1244600
5-Jul-16,29.02,29.15,27.94,28.18,915684
1-Jul-16,29.04,29.67,29.04,29.27,689230
30-Jun-16,29.00,29.21,28.69,29.02,1452702
29-Jun-16,28.68,29.18,28.66,29.11,1361677
28-Jun-16,28.12,28.67,28.12,28.58,1660464
27-Jun-16,28.55,28.55,27.43,27.73,2720572
24-Jun-16,29.11,29.65,28.70,28.86,5440435
23-Jun-16,30.07,30.37,29.95,30.36,1811108
22-Jun-16,29.85,30.15,29.57,29.82,1480623
21-Jun-16,30.64,30.64,28.80,29.76,2294329
20-Jun-16,30.26,30.98,30.06,30.55,1122273
17-Jun-16,29.74,30.35,29.74,29.96,1128726
16-Jun-16,30.45,30.45,29.95,30.25,665616
15-Jun-16,30.60,31.12,30.44,30.77,845695
14-Jun-16,30.68,30.85,30.32,30.48,1184823
13-Jun-16,31.31,31.36,30.85,30.87,1465180
10-Jun-16,31.91,31.97,31.36,31.38,1116727
9-Jun-16,32.58,32.58,32.00,32.27,1755811
8-Jun-16,32.73,33.02,32.62,32.78,652743
7-Jun-16,32.65,32.94,32.48,32.69,1049653
6-Jun-16,32.73,32.98,32.51,32.64,994038
3-Jun-16,32.39,32.75,32.30,32.69,773843
2-Jun-16,32.82,32.84,32.35,32.67,519879
1-Jun-16,32.72,32.89,32.30,32.82,1028612
31-May-16,32.43,32.86,32.24,32.80,1615792
27-May-16,32.36,32.77,32.31,32.37,849149
26-May-16,32.26,32.58,32.07,32.41,1615160
25-May-16,31.93,32.28,31.89,32.05,1624831
24-May-16,30.30,31.74,30.30,31.67,2087939
23-May-16,30.77,30.92,30.49,30.51,823623
20-May-16,30.45,30.96,30.39,30.78,974284
19-May-16,30.65,31.04,30.13,30.43,1968384
18-May-16,31.33,31.55,30.54,30.74,2420930
17-May-16,31.49,32.34,31.22,31.38,1614470
16-May-16,31.63,31.98,31.21,31.49,1208541
13-May-16,32.29,32.52,31.45,31.59,1933014
12-May-16,31.91,32.34,31.21,31.44,1643828
11-May-16,31.00,32.16,30.62,31.68,3465588
10-May-16,30.50,31.31,30.20,31.01,2748184
9-May-16,31.06,31.06,30.43,30.48,2422408
6-May-16,31.68,31.81,30.69,31.01,3472159
5-May-16,32.40,32.70,31.29,31.81,3719542
4-May-16,34.00,34.04,33.36,33.71,2036475
3-May-16,35.34,35.34,34.14,34.20,2130627
2-May-16,35.70,35.84,35.39,35.56,2265752
29-Apr-16,36.05,36.05,35.42,35.74,1637434
28-Apr-16,36.32,36.80,36.03,36.10,867794
27-Apr-16,36.26,36.80,36.14,36.40,888766
26-Apr-16,36.26,36.56,35.99,36.25,592533
25-Apr-16,36.34,36.49,35.72,36.08,878193
22-Apr-16,36.81,37.33,36.46,36.61,768649
21-Apr-16,36.63,37.11,36.36,36.59,622811
20-Apr-16,36.08,36.80,35.77,36.61,733628
19-Apr-16,36.44,36.64,35.80,36.04,620980
18-Apr-16,36.46,36.74,36.10,36.32,1018578
15-Apr-16,36.66,36.87,36.47,36.84,542719
14-Apr-16,36.68,36.98,36.60,36.82,563346
13-Apr-16,36.39,36.96,36.10,36.96,918390
12-Apr-16,35.59,36.38,35.42,36.17,843679
11-Apr-16,35.59,35.78,35.30,35.59,954187
8-Apr-16,35.85,35.99,35.34,35.40,964772
7-Apr-16,36.63,36.65,35.46,35.57,879504
6-Apr-16,35.94,36.84,35.71,36.56,1380805
5-Apr-16,35.75,36.04,35.40,35.88,794776
4-Apr-16,36.10,36.19,35.71,36.00,796080
1-Apr-16,35.99,36.18,35.61,36.09,1558114
31-Mar-16,35.11,36.17,35.11,36.11,1177096
30-Mar-16,35.31,35.86,35.08,35.37,1187720
29-Mar-16,34.17,35.06,33.91,35.03,1752971
28-Mar-16,33.78,34.35,33.29,34.23,891614
24-Mar-16,33.06,33.80,33.00,33.73,610296
23-Mar-16,33.99,34.08,33.24,33.28,1215934
22-Mar-16,33.88,34.12,33.46,33.99,623643
21-Mar-16,33.25,34.32,32.92,34.11,1554713
18-Mar-16,34.18,34.22,33.26,33.27,1710195
17-Mar-16,33.82,34.17,33.71,33.99,1031935
16-Mar-16,33.27,33.94,33.18,33.85,872475
15-Mar-16,33.58,33.69,32.78,33.34,864638
14-Mar-16,34.17,34.23,33.62,33.97,876365
11-Mar-16,33.70,34.35,33.48,34.34,894477
10-Mar-16,34.42,34.56,32.89,33.28,1746840
9-Mar-16,33.66,34.26,33.39,34.23,1265726
8-Mar-16,34.22,34.34,33.50,33.55,1111573
7-Mar-16,34.02,34.38,33.44,34.35,1056661
4-Mar-16,33.89,34.52,33.76,34.27,1509204
3-Mar-16,33.77,34.45,33.50,33.89,1688219
2-Mar-16,32.49,33.37,32.43,33.33,1151983
1-Mar-16,32.28,32.74,31.90,32.73,1414008
29-Feb-16,32.70,33.47,31.88,31.97,1828682
26-Feb-16,32.03,32.79,31.44,32.63,1546579
25-Feb-16,30.54,32.11,29.64,31.92,2456546
24-Feb-16,31.25,31.99,29.21,30.10,4409816
23-Feb-16,31.72,31.75,30.93,31.04,2388690
22-Feb-16,31.23,32.19,31.12,32.07,2199542
19-Feb-16,30.77,31.24,30.50,31.06,1710769
18-Feb-16,31.30,31.46,30.57,31.04,1284634
17-Feb-16,30.34,31.88,30.05,31.19,2232790
16-Feb-16,28.87,29.68,28.73,29.60,1076389
12-Feb-16,28.39,28.60,28.07,28.45,1098654
11-Feb-16,28.41,28.83,27.98,28.11,1631631
10-Feb-16,29.17,29.60,28.74,28.77,1570155
9-Feb-16,29.16,29.31,28.59,28.83,2654618
8-Feb-16,30.50,30.50,28.83,29.36,3624013
5-Feb-16,31.74,31.90,30.54,30.81,3085537
4-Feb-16,31.25,32.21,31.16,31.98,1405288
3-Feb-16,32.00,32.00,30.59,31.31,2354171
2-Feb-16,32.91,32.91,31.79,31.85,1044890
1-Feb-16,32.70,33.61,32.61,33.30,1147745
29-Jan-16,32.37,32.86,31.97,32.80,1490865
28-Jan-16,32.99,33.17,32.02,32.16,1028640
27-Jan-16,32.98,33.34,32.29,32.63,1128723
26-Jan-16,32.57,33.11,32.36,32.96,1258786
25-Jan-16,33.15,33.46,32.23,32.48,2011484
22-Jan-16,33.16,34.27,32.95,33.23,1962472
21-Jan-16,32.48,33.58,32.48,32.68,1423111
20-Jan-16,32.11,33.00,30.95,32.60,2496854
19-Jan-16,33.61,33.78,32.46,32.71,1681507
15-Jan-16,32.83,33.56,32.27,33.34,2269816
14-Jan-16,32.75,33.75,32.07,33.55,3470421
13-Jan-16,33.25,33.84,32.41,32.51,2811018
12-Jan-16,33.39,33.67,32.50,32.98,1349722
11-Jan-16,34.10,34.30,32.97,33.24,1277575
8-Jan-16,33.79,34.37,33.27,33.99,2823588
7-Jan-16,33.50,33.92,33.24,33.49,2472681
6-Jan-16,34.69,35.09,33.70,33.92,3063821
5-Jan-16,35.92,36.41,34.43,34.60,4339606
4-Jan-16,36.19,36.46,35.92,36.36,1397731
31-Dec-15,36.41,36.90,36.21,36.67,1309905
30-Dec-15,37.50,37.50,36.34,36.48,1040608
29-Dec-15,37.36,37.66,37.20,37.61,505755
28-Dec-15,37.72,37.81,36.97,37.27,610860
24-Dec-15,37.39,38.06,37.33,37.85,299507
23-Dec-15,37.45,37.59,36.99,37.41,1411288
22-Dec-15,37.07,37.33,35.96,37.26,3286918
21-Dec-15,37.54,37.72,36.86,36.94,1750887
18-Dec-15,37.76,38.03,37.13,37.49,1891914
17-Dec-15,37.68,38.10,37.43,37.76,1566713
16-Dec-15,37.75,37.86,37.07,37.46,1889988
15-Dec-15,37.67,37.88,37.23,37.63,2456338
14-Dec-15,38.40,38.52,36.85,37.53,1732281
11-Dec-15,39.22,39.37,38.21,38.47,1332047
10-Dec-15,39.61,40.04,39.45,39.64,609844
9-Dec-15,39.21,39.98,39.00,39.62,1066739
8-Dec-15,39.54,39.73,39.22,39.27,806762
7-Dec-15,40.57,40.62,39.49,39.85,1111071
4-Dec-15,39.88,40.94,39.86,40.70,615345
3-Dec-15,40.44,40.44,39.62,39.82,809849
2-Dec-15,41.21,41.33,40.28,40.36,734835
1-Dec-15,41.55,41.65,40.96,41.44,918275
30-Nov-15,42.15,42.29,40.94,41.31,1197062
27-Nov-15,41.83,42.63,41.83,42.24,241108
25-Nov-15,41.55,42.06,41.34,41.83,772102
24-Nov-15,41.03,41.64,40.84,41.51,1047918
23-Nov-15,41.10,42.08,40.50,41.70,1032462
20-Nov-15,41.54,41.70,40.98,41.03,760764
19-Nov-15,41.83,41.88,41.23,41.39,635763
18-Nov-15,41.58,41.92,41.40,41.81,889377
17-Nov-15,42.23,42.38,41.36,41.52,1104742
16-Nov-15,41.40,42.00,40.98,41.96,1189048
13-Nov-15,41.23,41.77,40.91,41.40,1163868
12-Nov-15,41.90,42.13,40.96,41.20,1180307
11-Nov-15,42.80,42.80,42.11,42.14,892618
10-Nov-15,41.94,42.87,41.78,42.57,1659837
9-Nov-15,42.19,42.23,41.63,41.89,827789
6-Nov-15,42.13,42.75,41.69,42.18,1562460
5-Nov-15,41.84,43.51,41.63,42.53,3667934
4-Nov-15,39.94,40.36,39.49,39.69,1306310
3-Nov-15,40.06,40.19,39.78,39.96,939448
2-Nov-15,39.00,40.25,38.88,40.20,1356545
30-Oct-15,39.35,39.45,38.91,39.10,1322354
29-Oct-15,39.68,39.88,39.29,39.38,557046
28-Oct-15,39.61,40.26,39.02,39.96,946894
27-Oct-15,40.19,40.22,39.28,39.62,1266781
26-Oct-15,38.83,40.55,38.53,40.26,1689774
23-Oct-15,38.15,38.83,38.15,38.71,1708930
22-Oct-15,38.92,38.97,37.67,37.85,2711531
21-Oct-15,38.48,39.00,38.45,38.77,933409
20-Oct-15,38.56,39.12,38.30,38.50,432470
19-Oct-15,38.05,38.60,38.00,38.60,1450892
16-Oct-15,38.17,38.20,37.85,38.10,820255
15-Oct-15,38.14,38.69,37.65,38.16,664195
14-Oct-15,38.28,38.66,37.90,38.04,906474
13-Oct-15,38.81,38.86,38.09,38.20,1051707
12-Oct-15,38.90,39.38,38.90,39.34,740100
9-Oct-15,39.08,39.39,38.73,38.94,751091
8-Oct-15,39.75,39.91,38.71,39.06,1025592
7-Oct-15,38.99,39.92,38.90,39.85,3425552
6-Oct-15,39.24,39.41,38.50,38.54,1251248
5-Oct-15,38.00,39.28,37.78,39.19,2114326
2-Oct-15,37.74,38.46,37.32,37.84,2274739
1-Oct-15,37.60,38.03,37.33,37.60,967929
30-Sep-15,37.51,37.90,37.28,37.63,2064633
29-Sep-15,37.87,37.88,36.97,37.15,1391606
28-Sep-15,38.87,38.92,37.45,37.72,1668675
25-Sep-15,39.37,39.60,38.73,38.97,800873
24-Sep-15,39.31,39.51,38.79,39.14,632925
23-Sep-15,39.85,39.99,39.32,39.49,792238
22-Sep-15,40.10,40.32,39.42,39.93,860599
21-Sep-15,40.22,40.91,40.19,40.51,2317291
18-Sep-15,40.37,40.93,39.88,40.01,1713684
17-Sep-15,40.70,41.21,40.44,40.87,1687408
16-Sep-15,40.33,41.01,40.20,40.64,1059123
15-Sep-15,40.33,40.52,39.75,40.42,1302590
14-Sep-15,40.18,40.45,40.03,40.22,1353332
11-Sep-15,39.98,40.51,39.89,40.16,2027528
10-Sep-15,39.56,40.40,39.39,39.90,1255067
9-Sep-15,40.40,40.65,39.62,39.67,947005
8-Sep-15,40.35,40.35,39.69,40.01,920466
4-Sep-15,39.86,40.00,39.23,39.64,720574
3-Sep-15,40.07,40.40,39.86,40.04,817044
2-Sep-15,40.07,40.12,39.50,39.91,849235
1-Sep-15,40.44,40.44,39.50,39.65,1264600
31-Aug-15,40.81,41.32,40.21,40.30,929023
28-Aug-15,40.54,41.06,40.42,40.85,1153754
27-Aug-15,41.02,41.20,39.99,40.79,1481481
26-Aug-15,40.15,40.57,39.71,40.55,2479503
25-Aug-15,41.54,41.62,39.17,39.17,2072886
24-Aug-15,41.84,41.85,39.93,40.55,2378322
21-Aug-15,43.07,43.16,41.93,41.95,1782507
20-Aug-15,43.33,44.64,43.03,43.50,1336323
19-Aug-15,43.25,43.79,43.10,43.47,2034303
18-Aug-15,43.55,44.04,43.40,43.65,1985691
17-Aug-15,43.10,43.70,43.02,43.53,1779619
14-Aug-15,43.40,43.52,43.07,43.39,1345870
13-Aug-15,43.53,43.86,43.11,43.20,2681105
12-Aug-15,43.10,43.50,42.65,43.38,2009623
11-Aug-15,43.02,43.60,43.00,43.16,1545890
10-Aug-15,43.46,43.80,43.03,43.19,1375791
7-Aug-15,44.04,44.05,43.01,43.39,1176119
6-Aug-15,44.43,44.47,43.57,44.13,1512299
5-Aug-15,44.64,44.86,44.16,44.35,1208857
4-Aug-15,44.42,44.90,44.00,44.47,1584204
3-Aug-15,44.62,45.68,43.06,44.42,3426567
31-Jul-15,47.89,48.08,45.18,45.52,5386968
30-Jul-15,49.05,49.60,48.45,49.49,1185546
29-Jul-15,48.63,49.44,48.44,49.15,755378
28-Jul-15,48.92,49.03,48.38,48.70,765544
27-Jul-15,48.35,48.84,48.06,48.64,593414
24-Jul-15,48.86,48.86,48.28,48.57,598161
23-Jul-15,49.51,49.75,48.40,48.83,741475
22-Jul-15,47.66,49.65,47.66,49.53,764643
21-Jul-15,47.94,48.04,47.64,47.78,791009
20-Jul-15,47.90,48.21,47.65,48.03,538712
17-Jul-15,48.29,48.44,47.62,47.89,761406
16-Jul-15,48.63,48.63,47.99,48.23,827890
15-Jul-15,48.11,48.63,47.86,48.54,690451
14-Jul-15,48.19,48.62,47.85,48.02,693448
13-Jul-15,48.58,48.66,47.86,48.30,553494
10-Jul-15,48.19,48.64,47.83,48.21,598494
9-Jul-15,48.65,48.82,47.90,47.94,596251
8-Jul-15,48.28,48.42,48.01,48.23,868514
7-Jul-15,48.85,48.96,47.91,48.57,710620
6-Jul-15,47.64,48.94,47.39,48.60,1148521
2-Jul-15,47.58,48.36,47.41,47.91,1375494
1-Jul-15,46.95,47.43,46.49,47.40,659960
30-Jun-15,46.40,46.81,46.02,46.72,1020220
29-Jun-15,46.57,47.07,46.08,46.12,1063748
26-Jun-15,46.62,46.96,46.15,46.94,1121718
25-Jun-15,47.14,47.14,46.43,46.46,531282
24-Jun-15,46.66,47.30,46.44,47.09,1014515
23-Jun-15,46.25,46.59,46.25,46.52,799017
22-Jun-15,46.08,47.01,46.02,46.11,926565
19-Jun-15,46.42,46.42,45.81,45.99,760634
18-Jun-15,45.48,46.60,45.35,46.36,562228
17-Jun-15,46.00,46.00,45.14,45.44,698827
16-Jun-15,45.44,46.00,45.40,45.84,411611
15-Jun-15,45.83,45.84,45.40,45.73,441052
12-Jun-15,45.94,46.20,45.71,45.95,507072
11-Jun-15,45.76,46.45,45.55,46.28,753847
10-Jun-15,45.39,46.07,45.22,45.58,758668
9-Jun-15,45.28,45.50,44.86,45.15,843571
8-Jun-15,45.75,45.87,45.36,45.37,512144
5-Jun-15,45.91,46.19,45.56,45.77,660415
4-Jun-15,46.62,46.77,46.06,46.10,646462
3-Jun-15,47.70,47.75,46.74,46.88,590063
2-Jun-15,47.29,47.66,46.92,47.43,484731
1-Jun-15,47.07,47.52,46.97,47.33,819954
29-May-15,47.31,47.47,46.80,46.95,1313518
28-May-15,46.42,47.54,46.42,47.43,1526168
27-May-15,46.62,46.72,46.34,46.65,913297
26-May-15,46.32,46.74,46.13,46.53,1499421
22-May-15,46.35,46.73,46.12,46.49,1304269
21-May-15,47.39,47.55,46.11,46.47,1023403
20-May-15,46.84,47.51,46.58,47.42,957620
19-May-15,46.92,47.41,46.56,46.71,1123384
18-May-15,46.68,47.28,46.60,46.80,1138179
15-May-15,46.81,47.04,46.47,46.97,632396
14-May-15,46.04,46.67,45.90,46.64,437371
13-May-15,45.35,46.06,45.35,45.79,1060888
12-May-15,45.35,45.83,45.19,45.24,733404
11-May-15,46.56,46.79,45.65,45.72,733567
8-May-15,46.19,46.87,46.19,46.74,1094216
7-May-15,45.15,45.99,45.06,45.67,1029929
6-May-15,45.54,45.58,44.97,45.28,1233622
5-May-15,47.04,47.31,45.04,45.39,2127598
4-May-15,48.15,49.69,47.09,47.28,2183848
1-May-15,47.51,48.31,47.09,47.82,2811131
30-Apr-15,47.02,47.45,46.67,47.41,1297137
29-Apr-15,47.43,47.84,47.00,47.31,1451051
28-Apr-15,47.29,47.75,47.12,47.74,944928
27-Apr-15,47.50,47.77,47.22,47.43,953898
24-Apr-15,46.72,47.65,46.60,47.49,880823
23-Apr-15,46.70,47.00,46.29,46.70,1203089
22-Apr-15,46.25,47.18,46.03,46.91,2021465
21-Apr-15,45.51,46.24,45.49,46.20,1226417
20-Apr-15,45.26,45.84,44.80,45.45,1622174
17-Apr-15,45.35,45.60,44.88,45.10,1746629
16-Apr-15,46.37,46.37,45.36,45.47,1057124
15-Apr-15,46.43,47.20,46.27,46.57,753647
14-Apr-15,47.20,47.24,45.61,46.47,1567463
13-Apr-15,47.09,47.43,46.65,47.11,568114
10-Apr-15,47.48,47.77,46.98,47.11,1311314
9-Apr-15,47.42,47.61,47.16,47.35,976744
8-Apr-15,47.20,47.70,46.98,47.60,917951
7-Apr-15,47.18,47.38,46.75,46.89,834573
6-Apr-15,47.19,47.35,46.68,47.31,1080263
2-Apr-15,46.11,46.93,45.66,46.78,1251418
1-Apr-15,45.49,46.05,44.94,45.93,1373713
31-Mar-15,46.27,46.56,45.46,45.48,1276338
30-Mar-15,45.44,46.39,45.44,46.24,830730
27-Mar-15,44.42,45.28,44.33,45.23,762016
26-Mar-15,44.51,44.69,44.21,44.41,735858
25-Mar-15,45.07,45.78,44.61,44.73,1357230
24-Mar-15,44.19,45.01,44.19,44.92,1116318
23-Mar-15,44.79,44.97,44.30,44.31,847022
20-Mar-15,44.41,44.78,44.13,44.66,2406211
19-Mar-15,45.14,45.23,43.75,43.92,2513589
18-Mar-15,44.77,45.19,43.77,45.15,1812270
17-Mar-15,45.37,45.55,44.54,44.80,975213
16-Mar-15,46.12,46.19,45.50,45.75,743653
13-Mar-15,45.57,46.13,45.32,46.01,888487
12-Mar-15,45.10,45.98,45.10,45.89,1182790
11-Mar-15,45.55,45.65,45.12,45.18,563835
10-Mar-15,45.74,46.04,45.35,45.39,486147
9-Mar-15,45.42,46.11,45.35,46.04,1013722
6-Mar-15,46.00,46.19,45.20,45.46,1253979
5-Mar-15,46.52,46.67,46.00,46.40,729657
4-Mar-15,46.16,46.50,45.77,46.42,1011097
3-Mar-15,46.40,46.61,45.85,46.23,793263
2-Mar-15,46.11,46.67,45.79,46.60,1136262
27-Feb-15,46.34,46.50,45.58,46.00,1218775
26-Feb-15,46.97,47.30,46.19,46.47,829121
25-Feb-15,47.80,48.20,47.12,47.17,1322550
24-Feb-15,47.38,49.32,46.43,47.84,3178406
23-Feb-15,47.32,47.37,46.20,46.49,2649882
20-Feb-15,47.08,47.73,46.69,47.48,2616283
19-Feb-15,47.22,47.88,47.18,47.24,1780808
18-Feb-15,48.03,48.03,47.39,47.51,1424099
17-Feb-15,48.63,48.77,48.03,48.09,2171135
13-Feb-15,48.34,49.12,48.22,48.86,1703921
12-Feb-15,48.13,48.59,47.71,48.34,665520
11-Feb-15,47.17,48.30,47.11,47.94,1594222
10-Feb-15,47.04,47.54,46.51,47.30,454667
9-Feb-15,46.61,47.23,46.61,46.77,789248
6-Feb-15,46.99,47.12,46.62,47.01,1149449
5-Feb-15,47.49,47.83,46.94,46.99,1195214
4-Feb-15,47.15,47.77,46.88,47.46,1321299
3-Feb-15,47.10,47.85,46.84,47.50,1448225
2-Feb-15,46.50,46.92,45.86,46.86,1499903
30-Jan-15,45.72,46.91,45.59,46.50,1442769
29-Jan-15,46.01,46.21,45.18,46.06,963851
28-Jan-15,47.40,47.44,45.90,45.95,906994
27-Jan-15,46.81,47.22,46.34,47.05,1296481
26-Jan-15,46.88,47.61,46.45,47.20,1307742
23-Jan-15,47.00,47.49,46.59,46.83,1057275
22-Jan-15,46.80,47.13,46.17,47.01,1018014
21-Jan-15,46.02,46.52,45.61,46.47,1173535
20-Jan-15,45.48,46.14,45.38,46.03,1307401
16-Jan-15,45.32,45.60,44.74,45.54,2439248
15-Jan-15,45.76,46.06,44.90,45.33,2516616
14-Jan-15,44.74,45.38,44.19,45.33,1403114
13-Jan-15,45.85,46.19,44.30,45.17,1598045
12-Jan-15,45.31,45.47,44.88,45.35,1256670
9-Jan-15,44.72,45.66,44.64,45.21,1109864
8-Jan-15,44.30,44.67,44.00,44.48,1019299
7-Jan-15,43.20,44.26,42.66,44.00,1640083
6-Jan-15,43.47,43.48,42.23,42.72,912451
5-Jan-15,43.60,43.81,42.84,43.38,1210995
2-Jan-15,44.59,44.89,43.69,44.19,1003129
31-Dec-14,44.55,45.31,44.18,44.49,1156123
30-Dec-14,44.66,44.82,44.14,44.53,1410487
29-Dec-14,44.39,44.98,44.10,44.83,1996355
26-Dec-14,44.12,44.48,43.65,44.44,1771262
24-Dec-14,43.60,44.01,43.53,43.91,356889
23-Dec-14,43.33,44.00,43.12,43.52,1133708
22-Dec-14,43.34,43.46,42.30,43.31,1728655
19-Dec-14,43.97,44.00,42.85,43.43,2170957
18-Dec-14,43.39,44.11,42.86,43.61,1894096
17-Dec-14,41.82,43.62,41.82,43.59,1525786
16-Dec-14,42.21,43.05,41.79,41.81,1464455
15-Dec-14,43.21,43.27,42.13,42.23,1478183
12-Dec-14,43.43,43.87,42.82,42.88,1617257
11-Dec-14,44.42,44.76,43.68,43.76,1112021
10-Dec-14,45.29,45.60,44.04,44.27,1356927
9-Dec-14,45.17,45.51,44.85,45.36,1371133
8-Dec-14,45.72,45.99,45.26,45.32,1471030
5-Dec-14,45.64,45.84,45.49,45.72,873168
4-Dec-14,45.69,46.01,45.40,45.61,1374904
3-Dec-14,45.92,46.32,45.38,45.65,964599
2-Dec-14,45.05,45.98,44.80,45.74,1466227
1-Dec-14,45.83,45.83,44.97,45.01,1318207
28-Nov-14,45.85,46.19,45.55,46.02,510065
26-Nov-14,46.25,46.34,45.63,45.96,992321
25-Nov-14,46.81,46.94,46.02,46.29,1813946
24-Nov-14,46.25,46.83,45.78,46.69,3458553
21-Nov-14,45.54,46.45,45.01,45.79,5546268
20-Nov-14,42.45,44.74,42.37,44.54,4418670
19-Nov-14,43.39,43.39,42.60,42.94,1128336
18-Nov-14,42.66,43.52,42.54,43.38,1920190
17-Nov-14,42.83,43.07,42.67,42.82,1044939
14-Nov-14,42.63,43.19,42.42,42.97,1179360
13-Nov-14,42.96,43.58,42.49,42.60,973486
12-Nov-14,43.11,43.86,42.74,43.03,988903
11-Nov-14,42.79,43.70,42.70,43.39,1804491
10-Nov-14,42.88,43.12,42.41,42.78,2252082
7-Nov-14,42.55,43.01,42.32,42.79,1718678
6-Nov-14,41.07,43.21,41.02,42.71,2554682
5-Nov-14,39.60,42.50,39.60,41.10,3117592
4-Nov-14,41.23,41.61,40.27,40.56,3482594
3-Nov-14,40.99,41.89,40.95,41.08,2577507
31-Oct-14,39.98,41.08,39.57,41.01,3098968
30-Oct-14,39.39,39.82,39.19,39.52,1678035
29-Oct-14,40.15,40.31,39.00,39.48,1557993
28-Oct-14,40.00,40.46,39.61,40.35,1284354
27-Oct-14,39.56,39.96,39.20,39.93,1193153
24-Oct-14,39.46,39.78,39.31,39.69,1127796
23-Oct-14,38.62,40.24,38.59,39.51,2590788
22-Oct-14,38.33,38.92,38.11,38.16,1662032
21-Oct-14,37.56,38.98,37.56,38.12,3767104
20-Oct-14,36.67,37.23,36.55,37.22,2518002
17-Oct-14,34.70,37.12,34.51,36.86,5994267
16-Oct-14,33.90,34.68,33.45,34.42,1474849
15-Oct-14,33.53,34.42,32.91,34.10,2276705
14-Oct-14,34.07,34.29,33.50,33.86,1993064
13-Oct-14,34.88,35.47,33.74,33.91,2409491
10-Oct-14,35.90,36.18,35.00,35.04,1592147
9-Oct-14,36.95,37.32,36.01,36.07,621413
8-Oct-14,36.56,37.13,36.00,37.02,773139
7-Oct-14,36.84,37.27,36.54,36.56,1127481
6-Oct-14,37.30,37.74,37.08,37.10,975550
3-Oct-14,36.72,37.50,36.50,37.08,909078
2-Oct-14,36.44,36.73,36.06,36.60,1702271
1-Oct-14,36.95,37.05,36.15,36.44,1919697
30-Sep-14,37.73,38.17,37.18,37.20,1434841
29-Sep-14,38.00,38.11,37.45,37.64,1654161
26-Sep-14,38.43,38.81,38.21,38.42,738896
25-Sep-14,38.96,38.96,38.42,38.42,959137
24-Sep-14,38.77,39.23,38.36,38.98,1175078
23-Sep-14,38.53,38.87,38.39,38.60,1093211
22-Sep-14,39.24,39.76,38.26,38.80,2689986
19-Sep-14,41.09,41.26,40.02,40.26,1060535
18-Sep-14,40.25,40.94,40.25,40.90,800372
17-Sep-14,39.91,41.10,39.76,40.22,1176821
16-Sep-14,39.56,40.00,39.33,39.77,627252
15-Sep-14,39.53,40.06,39.47,39.61,775702
12-Sep-14,40.67,40.76,39.36,39.62,1368848
11-Sep-14,40.59,40.91,40.59,40.70,508018
10-Sep-14,40.83,41.00,40.28,40.75,549942
9-Sep-14,40.94,41.17,40.86,41.00,929832
8-Sep-14,41.27,41.50,40.99,41.01,463779
5-Sep-14,40.79,41.27,40.65,41.23,636877
4-Sep-14,40.95,41.42,40.58,40.86,807719
3-Sep-14,41.56,41.86,40.86,40.93,850637
2-Sep-14,40.80,41.67,40.77,41.56,1848624
29-Aug-14,40.85,40.90,40.48,40.77,642596
28-Aug-14,40.05,40.89,39.89,40.86,810110
27-Aug-14,40.49,40.65,40.20,40.22,427756
26-Aug-14,40.59,40.59,40.12,40.46,430138
25-Aug-14,40.61,40.82,40.21,40.48,636412
22-Aug-14,40.75,40.80,40.25,40.46,627156
21-Aug-14,41.30,41.30,40.56,40.83,1254310
20-Aug-14,40.79,41.31,40.67,41.22,624960
19-Aug-14,40.94,41.14,40.76,40.87,568679
18-Aug-14,40.29,40.80,40.04,40.76,822364
15-Aug-14,40.47,40.75,39.84,40.20,1474047
14-Aug-14,40.69,40.99,40.22,40.38,988001
13-Aug-14,40.02,40.86,39.58,40.73,1394344
12-Aug-14,39.95,40.42,39.68,39.80,1182050
11-Aug-14,39.79,40.26,39.54,40.00,1842391
8-Aug-14,39.08,39.83,38.70,39.79,1520832
7-Aug-14,38.74,38.90,38.19,38.84,3115429
6-Aug-14,37.79,38.70,37.72,38.61,2795955
5-Aug-14,37.72,38.45,37.40,37.95,2462157
4-Aug-14,36.32,39.35,36.25,37.57,4779258
1-Aug-14,36.73,37.15,35.99,36.10,1758982
31-Jul-14,37.00,37.15,36.71,36.76,2100274
30-Jul-14,37.99,38.05,37.18,37.24,1101078
29-Jul-14,38.07,38.18,37.91,37.98,1720660
28-Jul-14,38.21,38.25,37.62,38.10,1552358
25-Jul-14,38.23,38.39,37.86,38.04,1702786
24-Jul-14,38.74,38.97,38.19,38.38,1648166
23-Jul-14,38.00,38.88,37.64,38.79,1967827
22-Jul-14,37.49,38.07,37.01,37.86,2956610
21-Jul-14,36.66,36.84,36.51,36.75,862613
18-Jul-14,36.21,36.80,36.15,36.72,1388728
17-Jul-14,37.40,37.47,36.10,36.15,2009555
16-Jul-14,37.36,37.78,37.25,37.59,1679671
15-Jul-14,37.19,37.50,37.13,37.29,1432725
14-Jul-14,38.05,38.15,37.01,37.14,1517911
11-Jul-14,38.54,38.54,37.81,37.89,1368692
10-Jul-14,38.41,38.57,37.93,38.53,1264656
9-Jul-14,38.51,38.78,38.29,38.77,1126960
8-Jul-14,38.57,38.62,38.17,38.33,1858342
7-Jul-14,39.03,39.03,38.20,38.56,2034434
3-Jul-14,38.08,38.44,37.83,38.33,786624
2-Jul-14,38.22,38.22,37.85,38.07,1259738
1-Jul-14,37.94,38.41,37.73,38.07,2118660
30-Jun-14,36.25,37.84,35.90,37.71,2845661
27-Jun-14,36.60,36.88,36.20,36.25,2821536
26-Jun-14,36.84,36.86,36.29,36.64,983626
25-Jun-14,36.21,36.95,36.08,36.91,1251118
24-Jun-14,35.75,36.80,35.50,36.34,2463498
23-Jun-14,35.20,35.99,35.15,35.75,2519494
20-Jun-14,35.68,35.68,34.87,35.20,2387251
19-Jun-14,36.15,36.50,35.51,35.59,1072511
18-Jun-14,35.80,36.43,35.78,36.09,1443991
17-Jun-14,35.52,35.95,35.30,35.78,3928648
16-Jun-14,36.10,36.10,35.54,35.58,1851050
13-Jun-14,36.27,36.51,35.98,36.11,918776
12-Jun-14,36.08,36.56,36.00,36.28,1031644
11-Jun-14,36.30,36.52,36.08,36.13,835488
10-Jun-14,37.23,37.23,36.39,36.45,1679890
9-Jun-14,37.16,37.78,37.16,37.43,1271420
6-Jun-14,37.20,37.39,36.96,37.23,997492
5-Jun-14,37.30,37.46,37.03,37.14,1231252
4-Jun-14,37.02,37.31,36.96,37.06,838803
3-Jun-14,37.01,37.20,36.75,37.07,915756
2-Jun-14,37.27,37.37,36.82,37.18,956121
30-May-14,37.36,37.57,37.12,37.18,1841250
29-May-14,37.89,38.39,37.22,37.41,2548937
28-May-14,37.25,38.02,37.25,37.73,3557408
27-May-14,36.68,37.32,36.67,37.13,2131886
23-May-14,36.21,36.94,36.11,36.61,2235592
22-May-14,35.25,36.39,35.03,36.20,2819731
21-May-14,35.22,35.53,35.01,35.22,1931215
20-May-14,35.98,36.15,34.77,35.12,3247201
19-May-14,36.07,36.29,35.91,36.01,1390454
16-May-14,36.22,36.60,36.13,36.22,3012352
15-May-14,36.65,36.79,36.04,36.22,3910832
14-May-14,36.60,36.73,35.80,36.61,4641399
13-May-14,37.17,37.80,36.58,36.61,3670506
12-May-14,37.05,37.39,36.80,37.31,2544810
9-May-14,36.88,37.09,36.76,36.95,1970226
8-May-14,37.24,37.70,36.75,36.92,2037869
7-May-14,37.59,38.18,37.19,37.50,3226959
6-May-14,38.93,39.11,36.76,37.57,6417155
5-May-14,39.40,39.78,36.36,39.04,16245556
2-May-14,42.70,43.22,42.41,42.66,2243781
1-May-14,42.36,43.14,41.79,42.73,2381113
30-Apr-14,41.51,42.16,41.44,42.05,2867955
29-Apr-14,41.87,42.13,41.54,41.67,999214
28-Apr-14,41.89,42.87,41.86,42.00,1653969
25-Apr-14,42.28,42.28,41.56,41.85,1499971
24-Apr-14,42.28,42.80,42.00,42.44,1230700
23-Apr-14,42.62,42.78,41.98,42.15,1011107
22-Apr-14,42.25,42.92,41.93,42.54,2078667
21-Apr-14,42.10,42.45,41.78,42.08,613708
17-Apr-14,41.91,42.48,41.91,42.02,1105690
16-Apr-14,42.28,42.35,41.42,41.94,1914195
15-Apr-14,42.36,42.89,41.18,42.06,2920396
14-Apr-14,42.13,42.60,41.90,42.40,1181556
11-Apr-14,42.68,42.76,41.69,41.95,1804066
10-Apr-14,43.03,43.53,42.46,42.83,1215104
9-Apr-14,43.14,43.42,42.66,43.02,1597288
8-Apr-14,42.56,43.50,42.42,42.99,1891324
7-Apr-14,43.44,43.59,42.37,42.41,1608190
4-Apr-14,44.43,44.90,43.07,43.65,2163467
3-Apr-14,44.66,44.87,43.26,43.99,3017425
2-Apr-14,44.09,45.04,44.06,44.61,1079039
1-Apr-14,43.50,44.11,42.88,44.10,2850210
31-Mar-14,43.96,44.22,43.27,43.45,1912057
28-Mar-14,43.68,43.94,43.30,43.93,1873367
27-Mar-14,43.50,44.06,43.05,43.42,2292959
26-Mar-14,44.81,44.82,43.58,43.60,1026829
25-Mar-14,44.52,45.00,44.43,44.68,950669
24-Mar-14,45.20,45.32,44.19,44.40,949646
21-Mar-14,46.12,46.52,44.80,44.91,2345167
20-Mar-14,46.42,46.77,46.03,46.08,901905
19-Mar-14,46.76,47.46,46.28,46.49,1868274
18-Mar-14,46.24,47.46,46.23,46.55,1015850
17-Mar-14,46.52,47.10,46.02,46.24,548009
14-Mar-14,46.22,46.71,45.53,46.25,1291836
13-Mar-14,47.12,47.72,46.05,46.26,1470569
12-Mar-14,47.10,47.25,46.49,46.90,1213587
11-Mar-14,47.60,48.28,47.09,47.40,558195
10-Mar-14,47.43,47.55,47.09,47.51,640436
7-Mar-14,48.27,48.39,47.18,47.53,1545791
6-Mar-14,48.00,48.32,47.56,48.15,1378468
5-Mar-14,48.52,48.58,47.55,47.77,1160073
4-Mar-14,47.73,48.77,47.26,48.14,1996913
3-Mar-14,47.09,47.64,46.64,47.35,1800037
28-Feb-14,47.53,48.02,47.26,47.46,2029355
27-Feb-14,46.75,48.60,46.74,47.49,4526049
26-Feb-14,45.23,47.04,45.22,46.65,3764567
25-Feb-14,45.64,47.90,44.08,45.22,5204275
24-Feb-14,46.26,47.16,45.62,45.75,2448213
21-Feb-14,45.41,46.46,45.22,46.22,1994652
20-Feb-14,46.40,46.61,45.17,45.40,1172275
19-Feb-14,46.42,46.67,45.92,46.19,1056686
18-Feb-14,47.05,47.38,46.45,46.75,1187748
14-Feb-14,46.22,47.01,45.96,46.86,486825
13-Feb-14,46.07,46.54,45.77,46.37,886915
12-Feb-14,45.38,46.62,45.29,46.51,1420705
11-Feb-14,45.82,45.94,44.98,45.27,1804225
10-Feb-14,46.46,46.85,45.73,45.87,1075841
7-Feb-14,46.21,46.88,46.00,46.78,732101
6-Feb-14,45.52,46.44,44.98,46.06,1315108
5-Feb-14,45.64,46.14,45.08,45.37,960762
4-Feb-14,45.59,46.09,45.09,45.77,1085243
3-Feb-14,45.57,45.68,44.59,45.19,1360745
31-Jan-14,44.44,45.96,44.28,45.57,1688404
30-Jan-14,47.10,47.38,45.13,45.21,2390392
29-Jan-14,46.19,47.05,45.82,46.69,1354406
28-Jan-14,45.58,46.96,45.58,46.83,724797
27-Jan-14,45.70,46.15,44.68,45.42,1055691
24-Jan-14,46.50,46.60,45.30,45.70,1713144
23-Jan-14,48.01,48.09,46.74,46.99,1642599
22-Jan-14,47.69,48.37,47.58,48.31,1240300
21-Jan-14,47.21,47.57,46.89,47.53,1242048
17-Jan-14,47.53,47.72,46.65,46.70,910105
16-Jan-14,47.84,48.18,47.39,47.47,751003
15-Jan-14,48.06,48.17,47.26,47.95,935050
14-Jan-14,48.30,48.32,47.63,47.96,637675
13-Jan-14,49.19,49.27,47.84,48.00,1027914
10-Jan-14,48.50,49.23,48.35,49.17,1195067
9-Jan-14,48.46,49.26,48.02,48.34,1437133
8-Jan-14,48.12,48.60,47.71,48.09,1467062
7-Jan-14,49.24,49.41,48.08,48.10,1957073
6-Jan-14,50.22,50.30,49.00,49.06,1215978
3-Jan-14,49.68,50.39,49.08,49.98,1153039
2-Jan-14,49.75,51.35,48.84,49.88,3204665
31-Dec-13,49.30,49.78,49.02,49.47,1019904
30-Dec-13,49.94,50.33,49.07,49.30,998949
27-Dec-13,49.02,49.66,48.57,49.66,636938
26-Dec-13,49.36,49.76,49.23,49.47,617666
24-Dec-13,49.30,49.75,48.86,49.38,398751
23-Dec-13,48.33,49.20,48.33,49.10,948555
20-Dec-13,47.56,48.26,47.43,48.23,1087911
19-Dec-13,48.40,48.65,47.35,47.37,1682122
18-Dec-13,47.04,49.05,46.84,48.90,2005074
17-Dec-13,47.00,47.29,46.45,47.03,798698
16-Dec-13,47.25,47.38,46.36,46.91,913653
13-Dec-13,46.95,47.45,46.56,47.01,1142299
12-Dec-13,46.25,46.89,46.09,46.73,1212915
11-Dec-13,47.61,47.64,46.24,46.40,1391694
10-Dec-13,47.95,48.20,47.42,47.65,1563707
9-Dec-13,47.10,48.10,46.88,48.05,1581022
6-Dec-13,47.17,47.30,46.68,47.16,1145939
5-Dec-13,46.90,47.44,46.62,46.70,1415691
4-Dec-13,47.30,48.00,46.99,47.29,1605954
3-Dec-13,47.37,47.84,47.11,47.62,920817
2-Dec-13,47.46,47.77,46.96,47.40,937846
29-Nov-13,48.00,48.00,47.16,47.39,249627
27-Nov-13,47.99,48.00,47.37,47.93,1151986
26-Nov-13,46.85,48.46,46.55,47.87,3107315
25-Nov-13,46.70,46.89,46.27,46.63,1729692
22-Nov-13,46.16,47.48,46.09,46.73,2708353
21-Nov-13,44.85,46.17,44.60,46.07,1657288
20-Nov-13,45.08,46.08,44.45,44.85,2477540
19-Nov-13,45.89,46.12,44.57,44.86,1749896
18-Nov-13,45.80,46.16,45.36,45.55,2141687
15-Nov-13,44.79,46.30,44.79,45.58,2370666
14-Nov-13,43.36,45.04,43.08,44.80,2365875
13-Nov-13,42.14,43.09,42.07,42.98,1526984
12-Nov-13,42.80,43.08,41.90,42.20,1687267
11-Nov-13,42.77,43.43,42.49,42.69,1338041
8-Nov-13,42.99,43.24,41.98,43.12,2163724
7-Nov-13,44.12,44.31,42.62,43.02,2586329
6-Nov-13,44.32,44.68,43.90,44.12,2546764
5-Nov-13,43.75,44.48,43.40,43.89,3018688
4-Nov-13,43.64,44.74,42.96,43.77,8887945
1-Nov-13,39.95,41.19,39.58,40.67,7100818
31-Oct-13,42.02,42.13,40.95,41.14,2005379
30-Oct-13,42.09,42.52,41.68,42.25,1200739
29-Oct-13,42.71,43.06,42.31,42.59,2094954
28-Oct-13,43.88,44.29,42.26,42.50,2947555
25-Oct-13,44.36,44.70,43.92,44.16,1118282
24-Oct-13,43.80,44.25,43.54,44.21,1870931
23-Oct-13,42.25,43.65,41.99,43.63,1746101
22-Oct-13,41.50,42.93,41.09,42.62,3632612
21-Oct-13,42.80,42.80,40.44,41.51,6044304
18-Oct-13,44.07,44.20,42.99,43.33,2027646
17-Oct-13,43.06,44.08,43.06,43.93,2231396
16-Oct-13,42.93,43.38,42.49,43.29,2898774
15-Oct-13,43.76,43.90,42.38,42.43,3797337
14-Oct-13,43.44,43.90,42.86,43.83,2034239
11-Oct-13,43.54,44.08,43.45,43.72,1574937
10-Oct-13,43.17,44.10,43.17,43.73,1501503
9-Oct-13,42.66,43.09,41.90,42.76,1448968
8-Oct-13,44.31,44.32,42.43,42.62,2004950
7-Oct-13,43.93,44.73,43.42,44.14,2888236
4-Oct-13,43.48,43.74,42.92,43.04,1733271
3-Oct-13,43.92,44.39,42.95,43.35,981064
2-Oct-13,43.62,44.15,43.24,43.95,1271766
1-Oct-13,42.96,44.46,42.96,43.69,1211334
30-Sep-13,42.50,43.44,42.50,43.02,1645844
27-Sep-13,43.56,43.68,42.66,42.84,1389079
26-Sep-13,44.73,45.05,43.56,43.68,1572706
25-Sep-13,43.62,45.02,43.33,44.71,1635688
24-Sep-13,43.14,44.43,42.95,43.61,2040281
23-Sep-13,43.83,44.06,42.92,43.05,2117799
20-Sep-13,45.25,45.44,43.77,44.04,2070457
19-Sep-13,45.60,46.08,44.99,45.32,2015505
18-Sep-13,43.88,46.45,42.87,45.47,5109731
17-Sep-13,43.50,44.23,43.50,44.00,951490
16-Sep-13,44.71,44.85,43.46,43.53,1532790
13-Sep-13,43.99,44.12,43.12,43.75,1678671
12-Sep-13,44.45,44.80,43.50,43.53,1591367
11-Sep-13,43.91,44.71,43.66,44.25,2207621
10-Sep-13,43.50,44.09,43.20,44.04,1301359
9-Sep-13,42.52,43.25,42.35,43.19,1848433
6-Sep-13,43.24,43.51,42.19,42.29,1935974
5-Sep-13,41.88,42.96,41.85,42.80,2179849
4-Sep-13,41.96,42.26,41.39,41.77,2423242
3-Sep-13,42.74,43.00,41.24,41.95,2460829
30-Aug-13,42.68,42.94,42.00,42.33,1836945
29-Aug-13,42.40,42.89,42.19,42.57,1857113
28-Aug-13,41.89,42.64,41.49,42.53,2425996
27-Aug-13,41.04,41.91,40.65,41.90,1859153
26-Aug-13,42.30,42.32,41.61,41.66,2081847
23-Aug-13,43.47,43.47,41.72,42.15,2642171
22-Aug-13,43.21,43.50,42.95,43.21,2336890
21-Aug-13,43.29,44.50,42.76,43.22,3348479
20-Aug-13,41.59,43.85,41.59,43.64,2234636
19-Aug-13,42.52,43.53,41.79,41.83,1635736
16-Aug-13,42.13,43.54,42.07,42.62,3098046
15-Aug-13,42.39,42.40,40.61,41.93,4425213
14-Aug-13,43.45,43.66,42.56,43.14,3073070
13-Aug-13,45.05,45.05,43.29,43.44,3587158
12-Aug-13,45.72,45.82,44.69,44.85,1456648
9-Aug-13,45.93,46.39,45.28,45.72,1310798
8-Aug-13,45.33,46.19,44.99,45.95,2430046
7-Aug-13,44.31,44.92,44.07,44.83,2215895
6-Aug-13,44.60,45.36,44.26,44.49,3362253
5-Aug-13,44.34,45.70,44.19,44.44,2325737
2-Aug-13,44.22,44.83,43.80,44.60,3568046
1-Aug-13,45.42,46.38,44.25,44.52,4476461
31-Jul-13,45.50,46.40,43.92,44.96,6744737
30-Jul-13,46.01,46.50,45.31,45.55,2429425
29-Jul-13,46.65,46.77,45.23,46.02,2735911
26-Jul-13,46.87,47.09,46.42,46.65,2897635
25-Jul-13,46.99,47.45,45.66,46.86,3306145
24-Jul-13,49.02,49.45,45.90,46.65,6699076
23-Jul-13,49.87,49.94,48.87,49.07,3761857
22-Jul-13,50.23,50.35,48.76,49.76,2786501
19-Jul-13,50.94,51.11,49.70,50.13,1933913
18-Jul-13,50.63,51.20,50.60,50.80,3748277
17-Jul-13,50.90,51.32,49.43,49.99,19649312
16-Jul-13,49.05,49.41,48.26,49.29,1997128
15-Jul-13,49.88,50.00,48.70,49.00,1320724
12-Jul-13,50.07,50.08,49.44,49.62,872096
11-Jul-13,49.49,50.27,49.39,49.87,1989345
10-Jul-13,47.73,48.86,46.87,48.73,2023539
9-Jul-13,48.94,50.15,47.38,47.76,2262340
8-Jul-13,49.77,50.15,48.58,48.75,1184798
5-Jul-13,50.60,50.74,48.55,49.20,1156796
3-Jul-13,50.52,51.31,50.23,50.55,763789
2-Jul-13,49.92,51.80,49.85,50.51,1814696
1-Jul-13,48.31,50.09,48.31,49.92,2106006
28-Jun-13,48.86,49.16,48.04,48.04,4708188
27-Jun-13,48.73,49.82,48.59,49.03,2182097
26-Jun-13,48.44,49.45,47.66,48.55,1108986
25-Jun-13,46.08,48.43,46.04,47.84,1966125
24-Jun-13,45.14,46.81,42.88,45.80,4561704
21-Jun-13,48.12,48.36,45.15,45.62,5080662
20-Jun-13,49.19,49.51,46.84,47.73,2655276
19-Jun-13,51.05,51.54,49.82,49.87,788302
18-Jun-13,51.80,51.86,50.76,51.15,934795
17-Jun-13,50.86,51.90,50.40,51.88,1042635
14-Jun-13,49.88,50.96,49.65,50.32,1253827
13-Jun-13,46.94,50.12,46.72,50.04,2203817
12-Jun-13,48.40,48.48,46.47,46.86,2407323
11-Jun-13,48.41,48.60,47.72,48.03,855513
10-Jun-13,49.40,49.61,48.48,48.60,896509
7-Jun-13,49.05,49.93,47.96,49.41,1400304
6-Jun-13,47.72,48.67,47.23,48.61,2021656
5-Jun-13,48.40,48.98,47.39,47.75,2734616
4-Jun-13,50.42,50.58,48.15,48.46,1777717
3-Jun-13,51.81,51.90,50.17,50.20,2406911
31-May-13,52.34,52.38,51.21,51.64,6359865
30-May-13,52.76,53.12,51.92,52.26,1433183
29-May-13,52.71,52.97,51.37,52.62,1948417
28-May-13,53.21,53.83,52.62,53.06,2299043
24-May-13,52.44,52.50,51.34,52.47,1270237
23-May-13,51.98,53.11,51.40,52.44,1819716
22-May-13,55.11,55.28,52.06,52.61,3126411
21-May-13,54.53,54.95,54.40,54.85,1898361
20-May-13,54.05,54.59,53.86,54.35,1508223
17-May-13,53.82,53.85,52.83,53.53,2261355
16-May-13,52.51,54.08,52.50,53.34,2217064
15-May-13,53.15,53.18,52.00,52.53,2458890
14-May-13,51.89,53.52,51.68,53.21,2477269
13-May-13,51.18,51.76,50.87,51.75,1718703
10-May-13,50.48,51.39,50.24,51.18,1530363
9-May-13,51.43,51.55,50.22,50.43,1540290
8-May-13,50.95,51.40,50.60,51.35,2088020
7-May-13,50.90,51.11,50.22,50.72,1819156
6-May-13,49.55,50.73,49.55,50.67,2437954
3-May-13,49.48,49.82,48.60,49.75,2220717
2-May-13,47.72,49.19,47.42,49.00,2199588
1-May-13,48.76,48.76,47.71,48.38,2943509
30-Apr-13,47.97,48.56,47.63,48.00,1982843
29-Apr-13,48.25,48.25,47.68,48.10,966384
26-Apr-13,48.33,48.40,47.64,48.01,1463371
25-Apr-13,47.90,48.44,47.60,48.31,1283808
24-Apr-13,47.40,47.81,47.37,47.75,1137922
23-Apr-13,47.99,48.54,47.16,47.44,1748782
22-Apr-13,48.36,48.59,47.32,47.75,2300125
19-Apr-13,46.31,48.50,46.17,48.50,5859379
18-Apr-13,46.00,46.63,45.50,46.22,2269975
17-Apr-13,45.62,46.29,45.20,46.11,2093111
16-Apr-13,45.21,46.50,45.15,46.08,1907617
15-Apr-13,45.95,46.16,44.43,44.58,3042202
12-Apr-13,45.94,46.74,45.30,46.21,1613459
11-Apr-13,44.37,46.50,44.37,46.25,16512924
10-Apr-13,42.49,44.40,42.23,44.27,8714755
9-Apr-13,45.82,46.01,44.71,44.80,1865887
8-Apr-13,44.44,45.91,44.33,45.84,988174
5-Apr-13,44.11,44.76,43.90,44.68,700645
4-Apr-13,44.54,44.93,43.76,44.78,578160
3-Apr-13,46.26,46.26,44.02,44.45,1993107
2-Apr-13,47.41,47.49,46.11,46.33,1027610
1-Apr-13,48.87,49.15,46.74,47.25,839206
28-Mar-13,49.08,49.30,48.09,48.84,666293
27-Mar-13,48.67,49.33,48.22,49.00,431495
26-Mar-13,49.88,50.09,48.76,48.95,581139
25-Mar-13,49.16,50.33,48.94,49.80,1200549
22-Mar-13,48.63,49.00,48.37,48.78,498553
21-Mar-13,49.47,49.70,48.06,48.20,729149
20-Mar-13,49.83,50.20,48.60,49.38,1007035
19-Mar-13,48.00,50.09,48.00,49.33,2456702
18-Mar-13,47.20,48.50,46.83,47.97,790135
15-Mar-13,46.55,47.73,46.35,47.70,1336630
14-Mar-13,46.90,46.90,46.42,46.71,503068
13-Mar-13,46.51,47.00,46.13,46.89,507954
12-Mar-13,47.29,47.56,46.14,46.70,967219
11-Mar-13,47.41,47.52,46.79,47.43,952075
8-Mar-13,46.94,47.56,46.34,47.51,642430
7-Mar-13,47.13,47.64,46.33,46.75,663368
6-Mar-13,46.03,47.98,45.78,47.25,1189951
5-Mar-13,46.00,47.62,45.70,47.40,1408528
4-Mar-13,45.84,46.03,45.12,45.97,952335
1-Mar-13,44.67,46.49,44.01,46.15,1466586
28-Feb-13,43.80,45.27,43.63,44.85,1165430
27-Feb-13,42.85,43.95,42.75,43.91,1040108
26-Feb-13,43.03,43.95,42.76,42.81,581109
25-Feb-13,44.44,44.44,42.85,42.86,579746
22-Feb-13,43.40,44.38,43.38,44.24,633138
21-Feb-13,44.27,44.79,42.69,43.05,1156951
20-Feb-13,45.69,45.85,44.08,44.10,631835
19-Feb-13,44.37,45.95,44.37,45.57,932476
15-Feb-13,45.58,45.79,43.50,44.22,1574230
14-Feb-13,47.15,49.35,45.35,45.42,2251913
13-Feb-13,45.50,46.95,45.27,46.48,1054955
12-Feb-13,44.17,45.71,43.84,45.31,957292
11-Feb-13,44.96,45.12,44.16,44.21,417521
8-Feb-13,45.31,45.56,44.52,45.00,368304
7-Feb-13,45.76,46.19,45.09,45.47,685427
6-Feb-13,44.95,45.84,44.68,45.75,524520
5-Feb-13,45.52,45.65,44.18,44.86,1171287
4-Feb-13,45.94,46.01,45.27,45.75,677961
1-Feb-13,44.91,46.58,44.74,45.99,1045891
31-Jan-13,44.91,45.08,44.52,44.77,357550
30-Jan-13,45.59,45.60,45.00,45.20,932377
29-Jan-13,44.71,45.64,44.33,45.51,1119860
28-Jan-13,44.61,44.72,43.21,44.68,838040
25-Jan-13,44.21,44.55,43.57,44.54,598264
24-Jan-13,44.88,45.16,44.10,44.30,890951
23-Jan-13,44.29,46.12,44.23,44.84,1093605
22-Jan-13,43.51,44.45,43.45,44.28,802276
18-Jan-13,42.36,43.92,42.36,43.59,651779
17-Jan-13,42.39,42.94,42.05,42.43,505441
16-Jan-13,42.00,42.63,41.52,42.17,592433
15-Jan-13,41.78,42.64,41.74,42.15,360476
14-Jan-13,41.56,42.08,41.25,41.84,492505
11-Jan-13,41.97,42.06,41.41,41.63,476562
10-Jan-13,42.93,43.38,41.69,41.97,928131
9-Jan-13,41.35,42.93,41.23,42.70,735026
8-Jan-13,41.54,41.77,40.68,41.44,867001
7-Jan-13,41.66,41.69,40.97,41.40,708178
4-Jan-13,42.07,42.17,41.44,41.83,603337
3-Jan-13,41.40,42.29,41.33,41.94,654135
2-Jan-13,42.42,42.47,40.36,41.38,1891635
31-Dec-12,41.86,41.98,41.28,41.96,613963
28-Dec-12,41.67,42.02,41.54,41.74,520043
27-Dec-12,41.25,42.16,41.05,42.03,1169600
26-Dec-12,41.38,42.11,40.99,41.20,1447799
24-Dec-12,41.12,41.58,40.50,41.36,299790
21-Dec-12,39.69,41.42,39.21,41.32,3463879
20-Dec-12,39.86,41.09,39.65,40.41,867537
19-Dec-12,40.25,41.49,39.13,40.13,1885891
18-Dec-12,39.58,40.28,39.39,40.16,1385800
17-Dec-12,38.60,39.30,38.40,39.19,377504
14-Dec-12,37.85,39.07,37.85,38.61,503693
13-Dec-12,37.08,38.57,37.08,38.00,792853
12-Dec-12,37.76,37.92,37.15,37.71,455528
11-Dec-12,37.38,37.79,36.77,37.23,1573250
10-Dec-12,37.72,37.75,37.07,37.60,587782
7-Dec-12,36.57,37.82,36.50,37.72,1301234
6-Dec-12,37.12,37.24,36.35,36.94,667713
5-Dec-12,38.00,38.00,36.80,36.95,756521
4-Dec-12,37.72,37.80,37.20,37.75,564666
3-Dec-12,37.80,37.80,37.24,37.72,601900
30-Nov-12,37.45,38.00,37.41,37.71,335298
29-Nov-12,37.27,37.97,36.63,37.31,629750
28-Nov-12,36.10,37.00,35.30,36.72,708865
27-Nov-12,36.65,37.00,36.24,36.41,316280
26-Nov-12,35.87,37.40,35.85,36.29,426229
23-Nov-12,36.17,36.55,36.07,36.50,235059
21-Nov-12,36.30,36.70,35.80,36.18,579808
20-Nov-12,37.38,37.49,36.39,36.70,1306161
19-Nov-12,37.20,37.25,35.85,37.06,1023228
16-Nov-12,35.35,36.46,34.36,35.50,975367
15-Nov-12,35.20,35.90,33.41,34.74,1380325
14-Nov-12,36.25,36.62,35.32,35.46,953246
13-Nov-12,35.60,37.70,35.32,36.50,341624
12-Nov-12,37.06,37.82,36.69,37.05,300421
9-Nov-12,37.45,38.48,35.24,37.82,819660
8-Nov-12,38.88,39.04,38.63,38.72,408983
7-Nov-12,38.55,39.36,38.05,39.28,648862
6-Nov-12,39.13,39.77,38.57,39.36,880858
5-Nov-12,39.17,39.41,37.56,38.90,1267680
2-Nov-12,35.90,38.08,35.78,37.74,1933976
1-Nov-12,36.00,36.11,34.52,35.96,1293337
31-Oct-12,36.49,36.60,33.19,35.54,1201275
26-Oct-12,35.01,35.19,33.78,34.66,1284255
25-Oct-12,36.50,36.62,34.85,35.05,1196269
24-Oct-12,35.26,36.61,35.26,36.00,839828
23-Oct-12,37.12,37.40,35.35,35.65,1537578
22-Oct-12,36.88,37.39,36.81,37.13,949951
19-Oct-12,36.02,37.50,35.85,36.90,3283303
18-Oct-12,37.50,39.21,35.80,36.20,3482691
17-Oct-12,36.99,38.25,36.44,37.49,5559122
16-Oct-12,33.95,36.37,33.91,35.74,2744657
15-Oct-12,33.50,34.05,33.07,33.50,2924105
12-Oct-12,34.00,35.33,33.00,33.60,4742098
11-Oct-12,32.85,34.90,32.50,34.20,29153434
